Year,State,Data_Value,Sex,lon,lat,AVG(Data_Value)
2000,AK,25.0,Male,-113.27118312,25.57628952,277.06666666666666
2001,AK,15.1,Male,-113.27118312,25.57628952,174.9
2002,AK,26.7,Male,-113.27118312,25.57628952,210.48000000000005
2003,AK,30.0,Male,-113.27118312,25.57628952,233.17333333333335
2004,AK,29.6,Male,-113.27118312,25.57628952,242.54
2005,AK,31.9,Male,-113.27118312,25.57628952,215.9
2006,AK,26.4,Male,-113.27118312,25.57628952,224.0
2007,AK,26.3,Male,-113.27118312,25.57628952,259.88
2008,AK,38.0,Male,-113.27118312,25.57628952,231.01333333333332
2009,AK,40.4,Male,-113.27118312,25.57628952,214.43333333333334
2010,AK,48.9,Male,-113.27118312,25.57628952,197.73999999999998
2011,AK,41.1,Male,-113.27118312,25.57628952,208.66000000000003
2012,AK,47.5,Male,-113.27118312,25.57628952,209.66666666666666
2013,AK,44.4,Male,-113.27118312,25.57628952,214.5533333333333
2014,AK,68.3,Male,-113.27118312,25.57628952,202.05333333333334
2015,AK,58.2,Male,-113.27118312,25.57628952,209.51333333333335
2016,AK,61.9,Male,-113.27118312,25.57628952,185.9333333333333
2017,AK,55.9,Male,-113.27118312,25.57628952,158.54000000000002
2018,AK,64.9,Male,-113.27118312,25.57628952,217.90666666666667
2019,AK,65.9,Male,-113.27118312,25.57628952,178.48666666666668
2000,AL,20.2,Female,-86.64295911,32.53530561,184.77518796992476
2001,AL,22.1,Female,-86.64295911,32.53530561,189.88496240601492
2002,AL,24.1,Female,-86.64295911,32.53530561,201.1966165413535
2003,AL,23.5,Female,-86.64295911,32.53530561,200.25112781954894
2004,AL,23.4,Female,-86.64295911,32.53530561,203.7473684210527
2005,AL,26.4,Female,-86.64295911,32.53530561,216.77857142857147
2006,AL,26.5,Female,-86.64295911,32.53530561,206.09962406015026
2007,AL,23.8,Female,-86.64295911,32.53530561,200.90864661654138
2008,AL,24.0,Female,-86.64295911,32.53530561,201.99473684210525
2009,AL,25.6,Female,-86.64295911,32.53530561,199.64624060150385
2010,AL,25.1,Female,-86.64295911,32.53530561,198.52105263157884
2011,AL,28.1,Female,-86.64295911,32.53530561,190.99624060150362
2012,AL,28.1,Female,-86.64295911,32.53530561,186.5503759398496
2013,AL,29.3,Female,-86.64295911,32.53530561,189.76842105263165
2014,AL,32.0,Female,-86.64295911,32.53530561,178.04774436090239
2015,AL,31.6,Female,-86.64295911,32.53530561,170.71466165413543
2016,AL,28.8,Female,-86.64295911,32.53530561,172.859022556391
2017,AL,28.1,Female,-86.64295911,32.53530561,186.32631578947368
2018,AL,29.2,Female,-86.64295911,32.53530561,201.52218045112787
2019,AL,27.8,Female,-86.64295911,32.53530561,218.69398496240595
2000,AR,24.4,Female,-91.37521096,34.29077696,164.95176056338028
2001,AR,20.0,Female,-91.37521096,34.29077696,170.42394366197192
2002,AR,21.0,Female,-91.37521096,34.29077696,188.3292253521127
2003,AR,18.3,Female,-91.37521096,34.29077696,214.1841549295776
2004,AR,19.6,Female,-91.37521096,34.29077696,217.8475352112675
2005,AR,23.4,Female,-91.37521096,34.29077696,238.00845070422523
2006,AR,24.1,Female,-91.37521096,34.29077696,233.55528169014087
2007,AR,23.0,Female,-91.37521096,34.29077696,237.11091549295776
2008,AR,27.1,Female,-91.37521096,34.29077696,252.22183098591535
2009,AR,26.6,Female,-91.37521096,34.29077696,245.29507042253516
2010,AR,27.1,Female,-91.37521096,34.29077696,233.98415492957756
2011,AR,30.0,Female,-91.37521096,34.29077696,233.30598591549304
2012,AR,28.7,Female,-91.37521096,34.29077696,237.5595070422535
2013,AR,28.4,Female,-91.37521096,34.29077696,236.80985915492963
2014,AR,29.9,Female,-91.37521096,34.29077696,245.07992957746478
2015,AR,35.4,Female,-91.37521096,34.29077696,273.7137323943659
2016,AR,34.9,Female,-91.37521096,34.29077696,284.86514084507064
2017,AR,36.6,Female,-91.37521096,34.29077696,315.6327464788734
2018,AR,39.8,Female,-91.37521096,34.29077696,347.0510563380284
2019,AR,43.7,Female,-91.37521096,34.29077696,360.60950704225326
2000,AZ,13.9,Female,-109.48881499,35.39549174,122.97017543859651
2001,AZ,13.0,Female,-109.48881499,35.39549174,129.10701754385968
2002,AZ,16.5,Female,-109.48881499,35.39549174,146.40877192982455
2003,AZ,15.0,Female,-109.48881499,35.39549174,147.27368421052634
2004,AZ,18.8,Female,-109.48881499,35.39549174,153.40877192982455
2005,AZ,21.3,Female,-109.48881499,35.39549174,151.82631578947365
2006,AZ,16.4,Female,-109.48881499,35.39549174,148.5561403508772
2007,AZ,17.3,Female,-109.48881499,35.39549174,151.4859649122807
2008,AZ,20.0,Female,-109.48881499,35.39549174,161.19473684210524
2009,AZ,17.4,Female,-109.48881499,35.39549174,159.09298245614033
2010,AZ,17.4,Female,-109.48881499,35.39549174,182.52982456140356
2011,AZ,17.5,Female,-109.48881499,35.39549174,199.18771929824555
2012,AZ,18.7,Female,-109.48881499,35.39549174,200.6842105263158
2013,AZ,22.3,Female,-109.48881499,35.39549174,211.14736842105265
2014,AZ,23.6,Female,-109.48881499,35.39549174,218.26315789473688
2015,AZ,28.7,Female,-109.48881499,35.39549174,228.5719298245614
2016,AZ,23.4,Female,-109.48881499,35.39549174,226.1280701754385
2017,AZ,25.8,Female,-109.48881499,35.39549174,240.64561403508762
2018,AZ,21.4,Female,-109.48881499,35.39549174,236.1263157894737
2019,AZ,28.7,Female,-109.48881499,35.39549174,229.41929824561402
2000,CA,33.4,Female,-121.8888742,37.64651553,267.49234234234234
2001,CA,30.7,Female,-121.8888742,37.64651553,273.9977477477476
2002,CA,30.6,Female,-121.8888742,37.64651553,279.9054054054054
2003,CA,32.7,Female,-121.8888742,37.64651553,296.8423423423422
2004,CA,30.8,Female,-121.8888742,37.64651553,286.9954954954956
2005,CA,31.5,Female,-121.8888742,37.64651553,283.9283783783783
2006,CA,33.0,Female,-121.8888742,37.64651553,293.30540540540534
2007,CA,31.5,Female,-121.8888742,37.64651553,277.8531531531532
2008,CA,30.1,Female,-121.8888742,37.64651553,276.19954954954943
2009,CA,25.6,Female,-121.8888742,37.64651553,268.1135135135135
2010,CA,24.2,Female,-121.8888742,37.64651553,272.3445945945946
2011,CA,24.5,Female,-121.8888742,37.64651553,271.41936936936935
2012,CA,24.0,Female,-121.8888742,37.64651553,269.06621621621616
2013,CA,21.5,Female,-121.8888742,37.64651553,272.9004504504505
2014,CA,19.6,Female,-121.8888742,37.64651553,256.6490990990991
2015,CA,18.4,Female,-121.8888742,37.64651553,275.21126126126114
2016,CA,19.1,Female,-121.8888742,37.64651553,275.82207207207205
2017,CA,19.1,Female,-121.8888742,37.64651553,280.13018018018016
2018,CA,18.2,Female,-121.8888742,37.64651553,272.8518018018019
2019,CA,19.2,Female,-121.8888742,37.64651553,274.532882882883
2000,CO,11.7,Female,-104.33724745,39.87350155,169.7742857142858
2001,CO,12.4,Female,-104.33724745,39.87350155,168.72971428571424
2002,CO,14.2,Female,-104.33724745,39.87350155,173.3834285714286
2003,CO,14.8,Female,-104.33724745,39.87350155,162.06742857142854
2004,CO,15.3,Female,-104.33724745,39.87350155,159.18971428571422
2005,CO,13.5,Female,-104.33724745,39.87350155,161.19142857142862
2006,CO,13.5,Female,-104.33724745,39.87350155,154.2457142857142
2007,CO,13.4,Female,-104.33724745,39.87350155,145.8308571428571
2008,CO,13.4,Female,-104.33724745,39.87350155,145.37542857142853
2009,CO,12.7,Female,-104.33724745,39.87350155,137.27200000000002
2010,CO,12.6,Female,-104.33724745,39.87350155,137.04685714285714
2011,CO,10.3,Female,-104.33724745,39.87350155,132.18285714285716
2012,CO,10.7,Female,-104.33724745,39.87350155,130.09999999999997
2013,CO,9.5,Female,-104.33724745,39.87350155,129.55142857142857
2014,CO,10.3,Female,-104.33724745,39.87350155,132.42628571428574
2015,CO,11.7,Female,-104.33724745,39.87350155,137.8
2016,CO,13.6,Female,-104.33724745,39.87350155,150.4445714285715
2017,CO,14.8,Female,-104.33724745,39.87350155,168.93142857142857
2018,CO,16.1,Female,-104.33724745,39.87350155,169.07428571428574
2019,CO,17.1,Female,-104.33724745,39.87350155,181.90114285714287
2000,CT,14.1,Female,-73.38906168,41.26981021,176.5
2001,CT,14.2,Female,-73.38906168,41.26981021,175.471875
2002,CT,14.2,Female,-73.38906168,41.26981021,182.32187499999998
2003,CT,13.2,Female,-73.38906168,41.26981021,172.025
2004,CT,12.4,Female,-73.38906168,41.26981021,165.534375
2005,CT,11.7,Female,-73.38906168,41.26981021,163.35625000000005
2006,CT,11.8,Female,-73.38906168,41.26981021,156.128125
2007,CT,10.8,Female,-73.38906168,41.26981021,152.46249999999998
2008,CT,10.9,Female,-73.38906168,41.26981021,138.2
2009,CT,10.5,Female,-73.38906168,41.26981021,140.88125
2010,CT,10.7,Female,-73.38906168,41.26981021,133.84375
2011,CT,9.2,Female,-73.38906168,41.26981021,136.41250000000002
2012,CT,8.9,Female,-73.38906168,41.26981021,130.45312499999997
2013,CT,9.8,Female,-73.38906168,41.26981021,134.62812499999998
2014,CT,10.6,Female,-73.38906168,41.26981021,128.534375
2015,CT,10.3,Female,-73.38906168,41.26981021,141.665625
2016,CT,10.8,Female,-73.38906168,41.26981021,147.890625
2017,CT,11.0,Female,-73.38906168,41.26981021,151.065625
2018,CT,12.5,Female,-73.38906168,41.26981021,163.1
2019,CT,13.1,Female,-73.38906168,41.26981021,160.36562500000005
2000,DC,107.0,Female,-77.01629654,38.90478149,561.175
2001,DC,98.1,Female,-77.01629654,38.90478149,606.5250000000001
2002,DC,94.3,Female,-77.01629654,38.90478149,592.975
2003,DC,97.1,Female,-77.01629654,38.90478149,571.05
2004,DC,93.2,Female,-77.01629654,38.90478149,546.2249999999999
2005,DC,81.9,Female,-77.01629654,38.90478149,538.55
2006,DC,88.5,Female,-77.01629654,38.90478149,517.975
2007,DC,76.2,Female,-77.01629654,38.90478149,464.4
2008,DC,79.0,Female,-77.01629654,38.90478149,458.25
2009,DC,63.6,Female,-77.01629654,38.90478149,417.35
2010,DC,69.0,Female,-77.01629654,38.90478149,405.125
2011,DC,59.9,Female,-77.01629654,38.90478149,393.95
2012,DC,70.6,Female,-77.01629654,38.90478149,454.85
2013,DC,72.7,Female,-77.01629654,38.90478149,430.55
2014,DC,68.3,Female,-77.01629654,38.90478149,399.07500000000005
2015,DC,69.6,Female,-77.01629654,38.90478149,387.35
2016,DC,77.5,Female,-77.01629654,38.90478149,428.6
2017,DC,77.7,Female,-77.01629654,38.90478149,401.15
2018,DC,75.9,Female,-77.01629654,38.90478149,384.85
2019,DC,74.9,Female,-77.01629654,38.90478149,389.55
2000,DE,32.4,Female,-75.56832149,39.0861975,281.78333333333336
2001,DE,36.3,Female,-75.56832149,39.0861975,271.06666666666666
2002,DE,34.2,Female,-75.56832149,39.0861975,279.9833333333333
2003,DE,33.0,Female,-75.56832149,39.0861975,268.85833333333335
2004,DE,36.6,Female,-75.56832149,39.0861975,280.6416666666667
2005,DE,39.2,Female,-75.56832149,39.0861975,273.76666666666665
2006,DE,36.0,Female,-75.56832149,39.0861975,244.83333333333334
2007,DE,34.9,Female,-75.56832149,39.0861975,244.36666666666665
2008,DE,36.2,Female,-75.56832149,39.0861975,230.225
2009,DE,41.2,Female,-75.56832149,39.0861975,229.09166666666667
2010,DE,35.5,Female,-75.56832149,39.0861975,214.35833333333335
2011,DE,32.3,Female,-75.56832149,39.0861975,203.36666666666665
2012,DE,33.5,Female,-75.56832149,39.0861975,194.95833333333334
2013,DE,32.0,Female,-75.56832149,39.0861975,189.49166666666665
2014,DE,32.8,Female,-75.56832149,39.0861975,194.97500000000002
2015,DE,34.2,Female,-75.56832149,39.0861975,198.86666666666667
2016,DE,32.6,Female,-75.56832149,39.0861975,191.23333333333332
2017,DE,32.7,Female,-75.56832149,39.0861975,207.1666666666667
2018,DE,29.7,Female,-75.56832149,39.0861975,195.50833333333333
2019,DE,29.6,Female,-75.56832149,39.0861975,201.02499999999998
2000,FL,18.4,Female,-82.3582731,29.67473333,205.37421875
2001,FL,18.2,Female,-82.3582731,29.67473333,211.6109375
2002,FL,19.0,Female,-82.3582731,29.67473333,220.69882812500003
2003,FL,16.9,Female,-82.3582731,29.67473333,228.7003906250001
2004,FL,16.4,Female,-82.3582731,29.67473333,226.44414062499993
2005,FL,18.9,Female,-82.3582731,29.67473333,235.39101562499988
2006,FL,19.0,Female,-82.3582731,29.67473333,226.9074218750001
2007,FL,17.9,Female,-82.3582731,29.67473333,220.05507812500005
2008,FL,20.2,Female,-82.3582731,29.67473333,214.78046875000013
2009,FL,21.5,Female,-82.3582731,29.67473333,216.00859375000013
2010,FL,21.2,Female,-82.3582731,29.67473333,207.94023437499996
2011,FL,22.3,Female,-82.3582731,29.67473333,203.94687499999986
2012,FL,22.4,Female,-82.3582731,29.67473333,204.79960937500002
2013,FL,25.0,Female,-82.3582731,29.67473333,209.26718749999998
2014,FL,25.2,Female,-82.3582731,29.67473333,212.49492187500002
2015,FL,19.1,Female,-82.3582731,29.67473333,203.93125000000006
2016,FL,19.4,Female,-82.3582731,29.67473333,211.0277343749999
2017,FL,20.7,Female,-82.3582731,29.67473333,224.00195312500009
2018,FL,22.5,Female,-82.3582731,29.67473333,231.0203125000001
2019,FL,21.8,Female,-82.3582731,29.67473333,226.50859375000002
2000,GA,22.2,Female,-82.28891115,31.74954196,203.94561403508789
2001,GA,24.1,Female,-82.28891115,31.74954196,205.76754385964904
2002,GA,25.9,Female,-82.28891115,31.74954196,209.71526315789455
2003,GA,32.1,Female,-82.28891115,31.74954196,227.17122807017546
2004,GA,38.6,Female,-82.28891115,31.74954196,226.24175438596473
2005,GA,41.4,Female,-82.28891115,31.74954196,232.349298245614
2006,GA,40.1,Female,-82.28891115,31.74954196,221.68280701754387
2007,GA,43.3,Female,-82.28891115,31.74954196,217.50789473684196
2008,GA,45.4,Female,-82.28891115,31.74954196,210.5973684210529
2009,GA,41.9,Female,-82.28891115,31.74954196,210.46070175438567
2010,GA,39.3,Female,-82.28891115,31.74954196,211.72877192982446
2011,GA,43.9,Female,-82.28891115,31.74954196,214.67982456140336
2012,GA,48.5,Female,-82.28891115,31.74954196,213.5419298245614
2013,GA,59.1,Female,-82.28891115,31.74954196,216.47508771929827
2014,GA,60.2,Female,-82.28891115,31.74954196,201.40824561403517
2015,GA,66.0,Female,-82.28891115,31.74954196,206.63192982456135
2016,GA,79.3,Female,-82.28891115,31.74954196,233.10596491228068
2017,GA,85.9,Female,-82.28891115,31.74954196,246.89824561403523
2018,GA,85.0,Female,-82.28891115,31.74954196,255.82456140350868
2019,GA,79.5,Female,-82.28891115,31.74954196,264.68561403508767
2000,HI,56.0,Male,-101.82813215,24.58081851,260.5357142857143
2001,HI,39.1,Male,-101.82813215,24.58081851,236.22142857142856
2002,HI,38.8,Male,-101.82813215,24.58081851,245.47857142857146
2003,HI,28.6,Male,-101.82813215,24.58081851,229.65000000000003
2004,HI,32.2,Male,-101.82813215,24.58081851,248.52857142857144
2005,HI,36.7,Male,-101.82813215,24.58081851,219.60714285714286
2006,HI,33.6,Male,-101.82813215,24.58081851,240.37142857142857
2007,HI,42.4,Male,-101.82813215,24.58081851,225.67142857142858
2008,HI,32.8,Male,-101.82813215,24.58081851,225.04999999999998
2009,HI,32.5,Male,-101.82813215,24.58081851,207.30714285714285
2010,HI,28.7,Male,-101.82813215,24.58081851,174.77142857142854
2011,HI,31.7,Male,-101.82813215,24.58081851,174.47142857142856
2012,HI,30.3,Male,-101.82813215,24.58081851,171.45
2013,HI,32.1,Male,-101.82813215,24.58081851,193.3857142857143
2014,HI,44.4,Male,-101.82813215,24.58081851,182.09285714285713
2015,HI,52.9,Male,-101.82813215,24.58081851,199.05
2016,HI,75.8,Male,-101.82813215,24.58081851,202.02142857142857
2017,HI,79.9,Male,-101.82813215,24.58081851,199.20714285714286
2018,HI,75.0,Male,-101.82813215,24.58081851,240.6928571428572
2019,HI,84.4,Male,-101.82813215,24.58081851,239.79285714285712
2000,IA,8.2,Female,-94.47093083,41.3307559,196.0311475409837
2001,IA,7.6,Female,-94.47093083,41.3307559,205.24071038251356
2002,IA,8.1,Female,-94.47093083,41.3307559,204.52923497267741
2003,IA,9.9,Female,-94.47093083,41.3307559,210.53387978142072
2004,IA,9.4,Female,-94.47093083,41.3307559,208.76857923497258
2005,IA,9.4,Female,-94.47093083,41.3307559,222.65273224043713
2006,IA,9.9,Female,-94.47093083,41.3307559,217.55765027322403
2007,IA,11.9,Female,-94.47093083,41.3307559,214.45027322404377
2008,IA,11.2,Female,-94.47093083,41.3307559,225.76092896174856
2009,IA,10.7,Female,-94.47093083,41.3307559,219.84398907103815
2010,IA,10.2,Female,-94.47093083,41.3307559,216.56775956284145
2011,IA,11.3,Female,-94.47093083,41.3307559,231.2259562841532
2012,IA,11.2,Female,-94.47093083,41.3307559,229.69754098360667
2013,IA,10.2,Female,-94.47093083,41.3307559,234.94344262295076
2014,IA,11.2,Female,-94.47093083,41.3307559,272.2185792349726
2015,IA,11.0,Female,-94.47093083,41.3307559,291.4196721311476
2016,IA,9.8,Female,-94.47093083,41.3307559,279.3349726775954
2017,IA,10.4,Female,-94.47093083,41.3307559,286.1027322404373
2018,IA,11.6,Female,-94.47093083,41.3307559,285.7557377049181
2019,IA,10.9,Female,-94.47093083,41.3307559,271.5510928961748
2000,ID,14.5,Female,-116.24126868,43.45089227,156.06899224806202
2001,ID,11.6,Female,-116.24126868,43.45089227,164.9573643410852
2002,ID,12.4,Female,-116.24126868,43.45089227,175.29999999999998
2003,ID,13.6,Female,-116.24126868,43.45089227,181.62248062015505
2004,ID,14.2,Female,-116.24126868,43.45089227,176.30000000000004
2005,ID,13.2,Female,-116.24126868,43.45089227,175.92713178294576
2006,ID,13.0,Female,-116.24126868,43.45089227,171.42713178294576
2007,ID,12.6,Female,-116.24126868,43.45089227,166.15503875968992
2008,ID,11.6,Female,-116.24126868,43.45089227,164.87519379844966
2009,ID,11.5,Female,-116.24126868,43.45089227,162.7418604651162
2010,ID,11.2,Female,-116.24126868,43.45089227,181.784496124031
2011,ID,11.6,Female,-116.24126868,43.45089227,187.07596899224805
2012,ID,11.1,Female,-116.24126868,43.45089227,182.8503875968992
2013,ID,11.7,Female,-116.24126868,43.45089227,188.7426356589147
2014,ID,12.3,Female,-116.24126868,43.45089227,186.88217054263575
2015,ID,12.2,Female,-116.24126868,43.45089227,188.83255813953483
2016,ID,11.1,Female,-116.24126868,43.45089227,181.80542635658918
2017,ID,13.2,Female,-116.24126868,43.45089227,200.39844961240314
2018,ID,14.0,Female,-116.24126868,43.45089227,207.6906976744187
2019,ID,15.0,Female,-116.24126868,43.45089227,212.22713178294566
2000,IL,11.7,Female,-91.18841833,39.98804101,218.97872928176824
2001,IL,10.9,Female,-91.18841833,39.98804101,221.81988950276227
2002,IL,12.1,Female,-91.18841833,39.98804101,222.22983425414384
2003,IL,14.4,Female,-91.18841833,39.98804101,231.12071823204428
2004,IL,13.3,Female,-91.18841833,39.98804101,224.21988950276253
2005,IL,13.0,Female,-91.18841833,39.98804101,235.44779005524876
2006,IL,12.8,Female,-91.18841833,39.98804101,217.81740331491716
2007,IL,15.5,Female,-91.18841833,39.98804101,214.09502762430938
2008,IL,16.7,Female,-91.18841833,39.98804101,222.30110497237564
2009,IL,18.1,Female,-91.18841833,39.98804101,211.66077348066293
2010,IL,16.6,Female,-91.18841833,39.98804101,211.37486187845323
2011,IL,17.8,Female,-91.18841833,39.98804101,219.79751381215448
2012,IL,17.6,Female,-91.18841833,39.98804101,212.68977900552485
2013,IL,17.3,Female,-91.18841833,39.98804101,214.23259668508302
2014,IL,18.0,Female,-91.18841833,39.98804101,209.79171270718237
2015,IL,21.0,Female,-91.18841833,39.98804101,214.39944751381213
2016,IL,24.6,Female,-91.18841833,39.98804101,219.25745856353583
2017,IL,23.0,Female,-91.18841833,39.98804101,230.5392265193372
2018,IL,22.0,Female,-91.18841833,39.98804101,225.59530386740335
2019,IL,21.0,Female,-91.18841833,39.98804101,232.57099447513812
2000,IN,17.6,Male,-84.93658269,40.74577516,197.6412790697677
2001,IN,14.8,Male,-84.93658269,40.74577516,199.9031976744186
2002,IN,15.3,Male,-84.93658269,40.74577516,203.41627906976743
2003,IN,14.5,Male,-84.93658269,40.74577516,215.9468023255814
2004,IN,14.5,Male,-84.93658269,40.74577516,210.80610465116277
2005,IN,15.5,Male,-84.93658269,40.74577516,211.86686046511645
2006,IN,15.8,Male,-84.93658269,40.74577516,197.22034883720917
2007,IN,15.9,Male,-84.93658269,40.74577516,187.13401162790703
2008,IN,13.7,Male,-84.93658269,40.74577516,179.2729651162792
2009,IN,14.2,Male,-84.93658269,40.74577516,173.4165697674418
2010,IN,17.4,Male,-84.93658269,40.74577516,187.66947674418608
2011,IN,25.0,Male,-84.93658269,40.74577516,216.09186046511624
2012,IN,29.3,Male,-84.93658269,40.74577516,237.5572674418604
2013,IN,30.4,Male,-84.93658269,40.74577516,236.46889534883712
2014,IN,29.6,Male,-84.93658269,40.74577516,237.65755813953461
2015,IN,32.5,Male,-84.93658269,40.74577516,235.49011627906984
2016,IN,35.0,Male,-84.93658269,40.74577516,247.84418604651148
2017,IN,36.4,Male,-84.93658269,40.74577516,257.7075581395348
2018,IN,39.3,Male,-84.93658269,40.74577516,262.21104651162796
2019,IN,38.5,Male,-84.93658269,40.74577516,270.90523255813923
2000,KS,9.6,Female,-95.30135772,37.88569131,144.727027027027
2001,KS,9.3,Female,-95.30135772,37.88569131,151.13320463320457
2002,KS,10.7,Female,-95.30135772,37.88569131,160.75212355212363
2003,KS,11.4,Female,-95.30135772,37.88569131,166.74169884169888
2004,KS,10.7,Female,-95.30135772,37.88569131,156.30115830115815
2005,KS,8.7,Female,-95.30135772,37.88569131,162.1868725868726
2006,KS,9.4,Female,-95.30135772,37.88569131,152.43204633204624
2007,KS,10.0,Female,-95.30135772,37.88569131,140.68146718146724
2008,KS,11.5,Female,-95.30135772,37.88569131,144.12972972972966
2009,KS,11.8,Female,-95.30135772,37.88569131,132.54169884169895
2010,KS,10.9,Female,-95.30135772,37.88569131,131.2382239382239
2011,KS,12.6,Female,-95.30135772,37.88569131,127.99111969111965
2012,KS,12.3,Female,-95.30135772,37.88569131,127.44169884169882
2013,KS,13.1,Female,-95.30135772,37.88569131,135.4220077220077
2014,KS,13.1,Female,-95.30135772,37.88569131,138.30154440154436
2015,KS,14.6,Female,-95.30135772,37.88569131,149.97722007722018
2016,KS,16.8,Female,-95.30135772,37.88569131,161.40308880308893
2017,KS,19.9,Female,-95.30135772,37.88569131,187.43629343629337
2018,KS,22.4,Female,-95.30135772,37.88569131,193.1420849420848
2019,KS,26.7,Female,-95.30135772,37.88569131,200.80231660231675
2000,KY,171.0,Female,-85.28062543,37.10392496,166.19439252336448
2001,KY,175.1,Female,-85.28062543,37.10392496,173.42710280373845
2002,KY,176.2,Female,-85.28062543,37.10392496,177.30280373831795
2003,KY,195.6,Female,-85.28062543,37.10392496,202.16939252336456
2004,KY,194.4,Female,-85.28062543,37.10392496,207.6093457943926
2005,KY,208.2,Female,-85.28062543,37.10392496,217.2254672897198
2006,KY,202.7,Female,-85.28062543,37.10392496,206.83878504672893
2007,KY,191.2,Female,-85.28062543,37.10392496,199.58948598130837
2008,KY,199.8,Female,-85.28062543,37.10392496,204.0565420560746
2009,KY,184.1,Female,-85.28062543,37.10392496,191.23691588785024
2010,KY,181.8,Female,-85.28062543,37.10392496,196.7614485981306
2011,KY,182.3,Female,-85.28062543,37.10392496,207.91144859813096
2012,KY,162.8,Female,-85.28062543,37.10392496,217.49485981308422
2013,KY,149.6,Female,-85.28062543,37.10392496,210.2537383177569
2014,KY,171.6,Female,-85.28062543,37.10392496,225.18831775700923
2015,KY,189.7,Female,-85.28062543,37.10392496,239.59556074766354
2016,KY,226.7,Female,-85.28062543,37.10392496,243.64462616822414
2017,KY,263.0,Female,-85.28062543,37.10392496,240.08761682242994
2018,KY,256.7,Female,-85.28062543,37.10392496,232.74626168224285
2019,KY,270.7,Female,-85.28062543,37.10392496,245.3056074766352
2000,LA,19.0,Female,-92.41185408,30.29027112,229.23699186991865
2001,LA,21.2,Female,-92.41185408,30.29027112,223.7369918699187
2002,LA,19.9,Female,-92.41185408,30.29027112,224.5882113821137
2003,LA,21.8,Female,-92.41185408,30.29027112,236.73130081300815
2004,LA,21.0,Female,-92.41185408,30.29027112,232.34268292682916
2005,LA,21.6,Female,-92.41185408,30.29027112,241.44593495934967
2006,LA,20.5,Female,-92.41185408,30.29027112,227.64308943089435
2007,LA,21.5,Female,-92.41185408,30.29027112,238.47276422764227
2008,LA,21.0,Female,-92.41185408,30.29027112,238.66178861788595
2009,LA,19.9,Female,-92.41185408,30.29027112,228.49390243902448
2010,LA,18.5,Female,-92.41185408,30.29027112,223.4796747967479
2011,LA,16.9,Female,-92.41185408,30.29027112,222.45650406504052
2012,LA,18.4,Female,-92.41185408,30.29027112,239.91829268292685
2013,LA,19.5,Female,-92.41185408,30.29027112,257.3780487804879
2014,LA,21.9,Female,-92.41185408,30.29027112,260.26951219512176
2015,LA,19.4,Female,-92.41185408,30.29027112,267.84349593495926
2016,LA,20.3,Female,-92.41185408,30.29027112,267.7276422764228
2017,LA,21.9,Female,-92.41185408,30.29027112,271.9243902439022
2018,LA,22.7,Female,-92.41185408,30.29027112,278.78414634146344
2019,LA,23.7,Female,-92.41185408,30.29027112,286.7691056910569
2000,MA,7.4,Female,-70.28985529,41.72330649,144.62745098039215
2001,MA,6.3,Female,-70.28985529,41.72330649,143.81568627450983
2002,MA,6.2,Female,-70.28985529,41.72330649,148.2
2003,MA,6.4,Female,-70.28985529,41.72330649,153.95882352941175
2004,MA,5.6,Female,-70.28985529,41.72330649,147.9235294117647
2005,MA,7.3,Female,-70.28985529,41.72330649,143.23333333333335
2006,MA,9.3,Female,-70.28985529,41.72330649,150.4411764705882
2007,MA,9.7,Female,-70.28985529,41.72330649,151.89803921568625
2008,MA,11.0,Female,-70.28985529,41.72330649,144.51568627450987
2009,MA,12.2,Female,-70.28985529,41.72330649,144.07843137254903
2010,MA,12.4,Female,-70.28985529,41.72330649,143.2490196078431
2011,MA,11.7,Female,-70.28985529,41.72330649,139.9176470588235
2012,MA,12.3,Female,-70.28985529,41.72330649,138.36274509803923
2013,MA,12.2,Female,-70.28985529,41.72330649,135.93333333333334
2014,MA,11.7,Female,-70.28985529,41.72330649,135.45686274509805
2015,MA,12.8,Female,-70.28985529,41.72330649,143.98431372549018
2016,MA,12.7,Female,-70.28985529,41.72330649,140.1078431372549
2017,MA,13.5,Female,-70.28985529,41.72330649,143.77254901960785
2018,MA,14.2,Female,-70.28985529,41.72330649,151.09607843137252
2019,MA,16.0,Female,-70.28985529,41.72330649,152.41960784313724
2000,MD,23.9,Female,-78.69726186,39.62122196,292.8416666666666
2001,MD,23.4,Female,-78.69726186,39.62122196,293.0697916666667
2002,MD,22.4,Female,-78.69726186,39.62122196,296.8520833333332
2003,MD,21.6,Female,-78.69726186,39.62122196,286.5510416666667
2004,MD,21.1,Female,-78.69726186,39.62122196,286.5718750000001
2005,MD,21.3,Female,-78.69726186,39.62122196,282.54895833333336
2006,MD,20.6,Female,-78.69726186,39.62122196,270.07187500000003
2007,MD,19.9,Female,-78.69726186,39.62122196,279.1989583333334
2008,MD,19.4,Female,-78.69726186,39.62122196,266.53333333333325
2009,MD,22.2,Female,-78.69726186,39.62122196,262.42291666666665
2010,MD,22.0,Female,-78.69726186,39.62122196,247.30625
2011,MD,23.9,Female,-78.69726186,39.62122196,237.82812499999997
2012,MD,25.6,Female,-78.69726186,39.62122196,236.0979166666667
2013,MD,31.7,Female,-78.69726186,39.62122196,230.0937500000001
2014,MD,34.9,Female,-78.69726186,39.62122196,234.55729166666666
2015,MD,35.9,Female,-78.69726186,39.62122196,237.07916666666677
2016,MD,36.6,Female,-78.69726186,39.62122196,240.9197916666668
2017,MD,34.8,Female,-78.69726186,39.62122196,262.6791666666666
2018,MD,35.4,Female,-78.69726186,39.62122196,266.21770833333346
2019,MD,38.2,Female,-78.69726186,39.62122196,290.8520833333334
2000,ME,29.0,Male,-70.20688053,44.16584126,241.72448979591837
2001,ME,28.5,Male,-70.20688053,44.16584126,238.92448979591848
2002,ME,29.9,Male,-70.20688053,44.16584126,226.3959183673469
2003,ME,33.6,Male,-70.20688053,44.16584126,223.38367346938773
2004,ME,29.9,Male,-70.20688053,44.16584126,213.21224489795915
2005,ME,31.1,Male,-70.20688053,44.16584126,203.69183673469388
2006,ME,30.8,Male,-70.20688053,44.16584126,191.57755102040824
2007,ME,30.4,Male,-70.20688053,44.16584126,191.34489795918367
2008,ME,30.9,Male,-70.20688053,44.16584126,173.45918367346943
2009,ME,27.0,Male,-70.20688053,44.16584126,176.04897959183674
2010,ME,27.3,Male,-70.20688053,44.16584126,163.35510204081632
2011,ME,24.2,Male,-70.20688053,44.16584126,156.62040816326532
2012,ME,24.4,Male,-70.20688053,44.16584126,168.87959183673468
2013,ME,29.5,Male,-70.20688053,44.16584126,173.31836734693874
2014,ME,31.6,Male,-70.20688053,44.16584126,168.73265306122445
2015,ME,38.6,Male,-70.20688053,44.16584126,187.26122448979595
2016,ME,38.4,Male,-70.20688053,44.16584126,186.19387755102042
2017,ME,43.0,Male,-70.20688053,44.16584126,186.20408163265307
2018,ME,48.9,Male,-70.20688053,44.16584126,221.42653061224493
2019,ME,50.0,Male,-70.20688053,44.16584126,237.4571428571429
2000,MI,347.1,Female,-83.59384278,44.68475982,231.73092783505163
2001,MI,327.4,Female,-83.59384278,44.68475982,232.44914089347074
2002,MI,341.1,Female,-83.59384278,44.68475982,236.361855670103
2003,MI,392.6,Female,-83.59384278,44.68475982,235.575945017182
2004,MI,377.2,Female,-83.59384278,44.68475982,240.33883161512028
2005,MI,464.0,Female,-83.59384278,44.68475982,249.72611683848783
2006,MI,359.7,Female,-83.59384278,44.68475982,225.72405498281776
2007,MI,374.5,Female,-83.59384278,44.68475982,226.25051546391757
2008,MI,385.3,Female,-83.59384278,44.68475982,235.95189003436425
2009,MI,375.7,Female,-83.59384278,44.68475982,224.44845360824723
2010,MI,351.7,Female,-83.59384278,44.68475982,220.874914089347
2011,MI,390.1,Female,-83.59384278,44.68475982,228.6460481099656
2012,MI,355.2,Female,-83.59384278,44.68475982,216.5951890034364
2013,MI,360.4,Female,-83.59384278,44.68475982,225.82783505154643
2014,MI,294.5,Female,-83.59384278,44.68475982,214.36735395188998
2015,MI,389.2,Female,-83.59384278,44.68475982,210.64467353951895
2016,MI,437.3,Female,-83.59384278,44.68475982,216.37800687285215
2017,MI,457.4,Female,-83.59384278,44.68475982,225.60584192439867
2018,MI,402.7,Female,-83.59384278,44.68475982,233.3838487972509
2019,MI,327.3,Female,-83.59384278,44.68475982,242.78384879725073
2000,MN,9.3,Female,-93.41559867,46.60826134,188.2562068965517
2001,MN,7.4,Female,-93.41559867,46.60826134,205.02586206896555
2002,MN,6.9,Female,-93.41559867,46.60826134,204.05000000000013
2003,MN,8.3,Female,-93.41559867,46.60826134,210.35137931034475
2004,MN,9.3,Female,-93.41559867,46.60826134,210.4906896551724
2005,MN,9.4,Female,-93.41559867,46.60826134,215.94965517241369
2006,MN,9.0,Female,-93.41559867,46.60826134,202.75724137931047
2007,MN,9.5,Female,-93.41559867,46.60826134,197.63482758620688
2008,MN,9.9,Female,-93.41559867,46.60826134,204.17241379310346
2009,MN,9.7,Female,-93.41559867,46.60826134,191.8027586206897
2010,MN,8.9,Female,-93.41559867,46.60826134,190.29896551724133
2011,MN,9.1,Female,-93.41559867,46.60826134,207.40137931034494
2012,MN,9.7,Female,-93.41559867,46.60826134,208.5813793103449
2013,MN,9.6,Female,-93.41559867,46.60826134,214.478275862069
2014,MN,11.0,Female,-93.41559867,46.60826134,222.0955172413795
2015,MN,11.6,Female,-93.41559867,46.60826134,233.50206896551717
2016,MN,11.1,Female,-93.41559867,46.60826134,231.5462068965518
2017,MN,11.5,Female,-93.41559867,46.60826134,252.13517241379304
2018,MN,12.0,Female,-93.41559867,46.60826134,254.67862068965513
2019,MN,13.7,Female,-93.41559867,46.60826134,275.9793103448276
2000,MO,16.7,Female,-92.60072352,40.19074048,176.2282555282555
2001,MO,16.4,Female,-92.60072352,40.19074048,183.4545454545454
2002,MO,17.4,Female,-92.60072352,40.19074048,195.59410319410327
2003,MO,18.7,Female,-92.60072352,40.19074048,193.46904176904178
2004,MO,19.6,Female,-92.60072352,40.19074048,189.45135135135132
2005,MO,19.1,Female,-92.60072352,40.19074048,192.23488943488942
2006,MO,20.0,Female,-92.60072352,40.19074048,188.68796068796084
2007,MO,21.4,Female,-92.60072352,40.19074048,188.8105651105649
2008,MO,20.3,Female,-92.60072352,40.19074048,200.10761670761661
2009,MO,21.3,Female,-92.60072352,40.19074048,184.22260442260452
2010,MO,19.3,Female,-92.60072352,40.19074048,177.4248157248159
2011,MO,17.3,Female,-92.60072352,40.19074048,177.91081081081091
2012,MO,18.2,Female,-92.60072352,40.19074048,178.5154791154791
2013,MO,21.4,Female,-92.60072352,40.19074048,173.45380835380834
2014,MO,22.4,Female,-92.60072352,40.19074048,175.21965601965604
2015,MO,21.7,Female,-92.60072352,40.19074048,180.23316953316967
2016,MO,24.7,Female,-92.60072352,40.19074048,185.8530712530714
2017,MO,24.9,Female,-92.60072352,40.19074048,201.79041769041766
2018,MO,25.8,Female,-92.60072352,40.19074048,198.98968058968063
2019,MO,22.8,Female,-92.60072352,40.19074048,191.52334152334143
2000,MS,77.0,Female,-91.35343395,31.48167652,329.0601265822787
2001,MS,64.7,Female,-91.35343395,31.48167652,338.9607594936708
2002,MS,63.2,Female,-91.35343395,31.48167652,362.7756329113925
2003,MS,62.2,Female,-91.35343395,31.48167652,372.0702531645569
2004,MS,58.1,Female,-91.35343395,31.48167652,389.32468354430375
2005,MS,59.1,Female,-91.35343395,31.48167652,422.03417721518986
2006,MS,52.7,Female,-91.35343395,31.48167652,414.78765822784806
2007,MS,55.0,Female,-91.35343395,31.48167652,422.0322784810125
2008,MS,52.6,Female,-91.35343395,31.48167652,428.61677215189854
2009,MS,46.6,Female,-91.35343395,31.48167652,392.5199367088609
2010,MS,42.7,Female,-91.35343395,31.48167652,378.0164556962023
2011,MS,39.1,Female,-91.35343395,31.48167652,368.99335443037984
2012,MS,37.9,Female,-91.35343395,31.48167652,365.76993670886077
2013,MS,43.7,Female,-91.35343395,31.48167652,365.7835443037977
2014,MS,44.7,Female,-91.35343395,31.48167652,349.74778481012663
2015,MS,42.9,Female,-91.35343395,31.48167652,362.79082278481013
2016,MS,48.5,Female,-91.35343395,31.48167652,368.04651898734176
2017,MS,46.5,Female,-91.35343395,31.48167652,382.62879746835443
2018,MS,49.9,Female,-91.35343395,31.48167652,385.3952531645571
2019,MS,50.0,Female,-91.35343395,31.48167652,410.1037974683545
2000,MT,6.8,Female,-112.89927998,45.13280632,129.44745762711864
2001,MT,7.5,Female,-112.89927998,45.13280632,137.77118644067792
2002,MT,7.7,Female,-112.89927998,45.13280632,141.86271186440683
2003,MT,9.6,Female,-112.89927998,45.13280632,154.36186440677966
2004,MT,9.2,Female,-112.89927998,45.13280632,142.29322033898305
2005,MT,8.3,Female,-112.89927998,45.13280632,149.22881355932202
2006,MT,9.3,Female,-112.89927998,45.13280632,151.20593220338984
2007,MT,9.2,Female,-112.89927998,45.13280632,152.46864406779662
2008,MT,8.4,Female,-112.89927998,45.13280632,154.42966101694915
2009,MT,8.1,Female,-112.89927998,45.13280632,141.9932203389831
2010,MT,7.8,Female,-112.89927998,45.13280632,145.8118644067796
2011,MT,7.3,Female,-112.89927998,45.13280632,141.88983050847455
2012,MT,8.2,Female,-112.89927998,45.13280632,141.9711864406779
2013,MT,8.3,Female,-112.89927998,45.13280632,148.34491525423724
2014,MT,8.6,Female,-112.89927998,45.13280632,132.53135593220335
2015,MT,9.6,Female,-112.89927998,45.13280632,147.09661016949153
2016,MT,9.9,Female,-112.89927998,45.13280632,147.01186440677964
2017,MT,11.9,Female,-112.89927998,45.13280632,165.2101694915254
2018,MT,13.2,Female,-112.89927998,45.13280632,170.44491525423732
2019,MT,13.0,Female,-112.89927998,45.13280632,172.62118644067792
2000,NC,22.4,Female,-79.39932717,36.04357025,282.91825192802065
2001,NC,21.5,Female,-79.39932717,36.04357025,271.5426735218508
2002,NC,20.9,Female,-79.39932717,36.04357025,275.81876606683807
2003,NC,22.8,Female,-79.39932717,36.04357025,288.2596401028278
2004,NC,22.2,Female,-79.39932717,36.04357025,282.4696658097684
2005,NC,20.7,Female,-79.39932717,36.04357025,277.77969151670953
2006,NC,21.0,Female,-79.39932717,36.04357025,259.3233933161954
2007,NC,23.2,Female,-79.39932717,36.04357025,256.4203084832906
2008,NC,24.3,Female,-79.39932717,36.04357025,261.8375321336762
2009,NC,24.1,Female,-79.39932717,36.04357025,258.39305912596376
2010,NC,23.4,Female,-79.39932717,36.04357025,250.38251928020574
2011,NC,24.1,Female,-79.39932717,36.04357025,237.87532133676078
2012,NC,24.7,Female,-79.39932717,36.04357025,243.80179948586118
2013,NC,24.0,Female,-79.39932717,36.04357025,243.0742930591258
2014,NC,21.3,Female,-79.39932717,36.04357025,230.66658097686388
2015,NC,20.9,Female,-79.39932717,36.04357025,229.52262210796908
2016,NC,18.8,Female,-79.39932717,36.04357025,224.35141388174824
2017,NC,19.9,Female,-79.39932717,36.04357025,220.4966580976864
2018,NC,20.1,Female,-79.39932717,36.04357025,215.79434447300773
2019,NC,20.6,Female,-79.39932717,36.04357025,218.64524421593828
2000,ND,14.3,Female,-98.07170952,46.93593125,201.90631578947364
2001,ND,17.0,Female,-98.07170952,46.93593125,227.80526315789473
2002,ND,16.3,Female,-98.07170952,46.93593125,224.09999999999985
2003,ND,19.7,Female,-98.07170952,46.93593125,240.02631578947376
2004,ND,19.9,Female,-98.07170952,46.93593125,235.53578947368422
2005,ND,17.1,Female,-98.07170952,46.93593125,232.98
2006,ND,15.1,Female,-98.07170952,46.93593125,237.44631578947366
2007,ND,14.2,Female,-98.07170952,46.93593125,226.39052631578946
2008,ND,14.1,Female,-98.07170952,46.93593125,224.75894736842116
2009,ND,16.6,Female,-98.07170952,46.93593125,222.2526315789473
2010,ND,14.9,Female,-98.07170952,46.93593125,213.41368421052624
2011,ND,13.2,Female,-98.07170952,46.93593125,213.86631578947367
2012,ND,14.6,Female,-98.07170952,46.93593125,232.64315789473676
2013,ND,13.2,Female,-98.07170952,46.93593125,222.9399999999999
2014,ND,14.0,Female,-98.07170952,46.93593125,193.26842105263165
2015,ND,14.9,Female,-98.07170952,46.93593125,194.0557894736842
2016,ND,13.9,Female,-98.07170952,46.93593125,167.73368421052635
2017,ND,14.2,Female,-98.07170952,46.93593125,172.27157894736843
2018,ND,14.5,Female,-98.07170952,46.93593125,182.95473684210526
2019,ND,15.8,Female,-98.07170952,46.93593125,198.45473684210532
2000,NE,8.3,Female,-98.50117804,40.5244942,148.35942028985497
2001,NE,9.5,Female,-98.50117804,40.5244942,154.7869565217392
2002,NE,9.5,Female,-98.50117804,40.5244942,161.895652173913
2003,NE,10.0,Female,-98.50117804,40.5244942,173.17584541062806
2004,NE,8.4,Female,-98.50117804,40.5244942,171.94202898550722
2005,NE,7.5,Female,-98.50117804,40.5244942,181.86666666666656
2006,NE,7.2,Female,-98.50117804,40.5244942,184.22028985507234
2007,NE,7.1,Female,-98.50117804,40.5244942,186.9169082125604
2008,NE,7.7,Female,-98.50117804,40.5244942,200.40676328502408
2009,NE,7.0,Female,-98.50117804,40.5244942,187.72222222222211
2010,NE,6.4,Female,-98.50117804,40.5244942,188.29758454106283
2011,NE,6.6,Female,-98.50117804,40.5244942,191.32028985507264
2012,NE,7.2,Female,-98.50117804,40.5244942,195.10193236714974
2013,NE,6.7,Female,-98.50117804,40.5244942,190.72173913043494
2014,NE,6.3,Female,-98.50117804,40.5244942,192.37729468599036
2015,NE,7.6,Female,-98.50117804,40.5244942,211.5637681159421
2016,NE,7.5,Female,-98.50117804,40.5244942,208.5386473429952
2017,NE,9.4,Female,-98.50117804,40.5244942,235.07826086956524
2018,NE,10.5,Female,-98.50117804,40.5244942,234.1975845410627
2019,NE,11.6,Female,-98.50117804,40.5244942,236.551690821256
2000,NH,11.3,Female,-71.42257768,43.51765749,218.81
2001,NH,10.7,Female,-71.42257768,43.51765749,205.44250000000002
2002,NH,11.2,Female,-71.42257768,43.51765749,208.20000000000005
2003,NH,10.8,Female,-71.42257768,43.51765749,217.90750000000008
2004,NH,12.3,Female,-71.42257768,43.51765749,216.34999999999997
2005,NH,13.6,Female,-71.42257768,43.51765749,196.14
2006,NH,14.8,Female,-71.42257768,43.51765749,195.31249999999994
2007,NH,16.5,Female,-71.42257768,43.51765749,206.38749999999996
2008,NH,16.5,Female,-71.42257768,43.51765749,189.445
2009,NH,13.9,Female,-71.42257768,43.51765749,177.29749999999999
2010,NH,13.7,Female,-71.42257768,43.51765749,176.43249999999995
2011,NH,12.9,Female,-71.42257768,43.51765749,179.65750000000003
2012,NH,12.5,Female,-71.42257768,43.51765749,186.03750000000002
2013,NH,12.5,Female,-71.42257768,43.51765749,180.9025
2014,NH,11.8,Female,-71.42257768,43.51765749,180.33
2015,NH,13.3,Female,-71.42257768,43.51765749,178.18749999999997
2016,NH,16.0,Female,-71.42257768,43.51765749,186.51499999999996
2017,NH,17.0,Female,-71.42257768,43.51765749,185.19500000000005
2018,NH,16.1,Female,-71.42257768,43.51765749,187.4075
2019,NH,15.8,Female,-71.42257768,43.51765749,187.395
2000,NJ,17.0,Female,-74.66030575,39.47788236,191.8071428571428
2001,NJ,17.8,Female,-74.66030575,39.47788236,190.73690476190475
2002,NJ,15.9,Female,-74.66030575,39.47788236,189.33571428571432
2003,NJ,18.2,Female,-74.66030575,39.47788236,190.80238095238096
2004,NJ,17.9,Female,-74.66030575,39.47788236,204.94523809523812
2005,NJ,18.2,Female,-74.66030575,39.47788236,208.61071428571432
2006,NJ,19.1,Female,-74.66030575,39.47788236,195.35476190476186
2007,NJ,19.0,Female,-74.66030575,39.47788236,194.2630952380952
2008,NJ,19.8,Female,-74.66030575,39.47788236,191.5214285714286
2009,NJ,17.8,Female,-74.66030575,39.47788236,187.69047619047623
2010,NJ,20.3,Female,-74.66030575,39.47788236,216.06547619047623
2011,NJ,21.0,Female,-74.66030575,39.47788236,219.9392857142856
2012,NJ,24.3,Female,-74.66030575,39.47788236,230.0071428571428
2013,NJ,23.8,Female,-74.66030575,39.47788236,225.54523809523803
2014,NJ,23.6,Female,-74.66030575,39.47788236,212.51428571428568
2015,NJ,24.1,Female,-74.66030575,39.47788236,206.9761904761905
2016,NJ,25.2,Female,-74.66030575,39.47788236,206.04523809523818
2017,NJ,26.0,Female,-74.66030575,39.47788236,202.83095238095243
2018,NJ,27.6,Female,-74.66030575,39.47788236,202.49642857142848
2019,NJ,28.2,Female,-74.66030575,39.47788236,200.52500000000003
2000,NM,12.5,Female,-106.67049809,35.0513833,139.34375000000003
2001,NM,15.1,Female,-106.67049809,35.0513833,149.59374999999994
2002,NM,14.0,Female,-106.67049809,35.0513833,160.8428571428571
2003,NM,14.5,Female,-106.67049809,35.0513833,167.71517857142854
2004,NM,16.7,Female,-106.67049809,35.0513833,168.55089285714286
2005,NM,20.3,Female,-106.67049809,35.0513833,179.2821428571428
2006,NM,19.1,Female,-106.67049809,35.0513833,168.24999999999997
2007,NM,19.8,Female,-106.67049809,35.0513833,167.74732142857144
2008,NM,20.9,Female,-106.67049809,35.0513833,176.56250000000003
2009,NM,20.1,Female,-106.67049809,35.0513833,168.24285714285716
2010,NM,20.2,Female,-106.67049809,35.0513833,176.65357142857147
2011,NM,22.5,Female,-106.67049809,35.0513833,172.40982142857146
2012,NM,22.6,Female,-106.67049809,35.0513833,176.3821428571429
2013,NM,23.8,Female,-106.67049809,35.0513833,188.08124999999998
2014,NM,26.2,Female,-106.67049809,35.0513833,196.65089285714285
2015,NM,24.0,Female,-106.67049809,35.0513833,196.63035714285706
2016,NM,24.5,Female,-106.67049809,35.0513833,196.90535714285713
2017,NM,25.1,Female,-106.67049809,35.0513833,213.2392857142857
2018,NM,24.4,Female,-106.67049809,35.0513833,208.91875000000002
2019,NM,27.5,Female,-106.67049809,35.0513833,227.4491071428572
2000,NV,15.7,Female,-118.33625814,39.5804834,170.38125
2001,NV,18.1,Female,-118.33625814,39.5804834,181.78750000000002
2002,NV,19.8,Female,-118.33625814,39.5804834,193.56666666666663
2003,NV,19.2,Female,-118.33625814,39.5804834,201.66041666666663
2004,NV,19.4,Female,-118.33625814,39.5804834,191.48749999999998
2005,NV,21.7,Female,-118.33625814,39.5804834,194.7083333333333
2006,NV,20.0,Female,-118.33625814,39.5804834,189.90208333333337
2007,NV,21.4,Female,-118.33625814,39.5804834,172.5
2008,NV,21.2,Female,-118.33625814,39.5804834,169.66875000000002
2009,NV,26.0,Female,-118.33625814,39.5804834,182.65
2010,NV,25.4,Female,-118.33625814,39.5804834,188.45208333333326
2011,NV,26.7,Female,-118.33625814,39.5804834,208.49791666666673
2012,NV,26.6,Female,-118.33625814,39.5804834,201.89166666666674
2013,NV,25.9,Female,-118.33625814,39.5804834,204.7229166666667
2014,NV,25.0,Female,-118.33625814,39.5804834,209.40625
2015,NV,35.6,Female,-118.33625814,39.5804834,246.1333333333333
2016,NV,38.5,Female,-118.33625814,39.5804834,267.71041666666673
2017,NV,39.9,Female,-118.33625814,39.5804834,282.5875
2018,NV,37.7,Female,-118.33625814,39.5804834,306.15000000000003
2019,NV,42.4,Female,-118.33625814,39.5804834,335.72499999999985
2000,NY,9.4,Female,-73.97336589,42.60008494,219.64937238493744
2001,NY,9.1,Female,-73.97336589,42.60008494,226.49079497907954
2002,NY,9.2,Female,-73.97336589,42.60008494,229.38033472803352
2003,NY,9.6,Female,-73.97336589,42.60008494,235.24016736401677
2004,NY,11.3,Female,-73.97336589,42.60008494,240.94267782426792
2005,NY,12.4,Female,-73.97336589,42.60008494,240.25355648535555
2006,NY,11.8,Female,-73.97336589,42.60008494,228.20083682008374
2007,NY,11.4,Female,-73.97336589,42.60008494,223.13389121338915
2008,NY,11.3,Female,-73.97336589,42.60008494,226.10251046025107
2009,NY,11.3,Female,-73.97336589,42.60008494,228.0866108786611
2010,NY,11.5,Female,-73.97336589,42.60008494,226.0907949790795
2011,NY,11.2,Female,-73.97336589,42.60008494,226.84393305439335
2012,NY,11.4,Female,-73.97336589,42.60008494,222.71924686192477
2013,NY,12.5,Female,-73.97336589,42.60008494,224.7740585774057
2014,NY,12.8,Female,-73.97336589,42.60008494,215.37029288702934
2015,NY,12.5,Female,-73.97336589,42.60008494,221.85439330543915
2016,NY,11.8,Female,-73.97336589,42.60008494,222.48158995815893
2017,NY,13.3,Female,-73.97336589,42.60008494,234.05774058577413
2018,NY,13.0,Female,-73.97336589,42.60008494,253.6422594142259
2019,NY,12.6,Female,-73.97336589,42.60008494,254.7046025104601
2000,OH,17.6,Female,-83.47203449,38.84555443,255.2208092485549
2001,OH,15.4,Female,-83.47203449,38.84555443,257.20895953757224
2002,OH,17.2,Female,-83.47203449,38.84555443,264.2141618497108
2003,OH,17.1,Female,-83.47203449,38.84555443,285.1395953757226
2004,OH,17.7,Female,-83.47203449,38.84555443,288.03063583815026
2005,OH,17.9,Female,-83.47203449,38.84555443,299.7170520231215
2006,OH,18.4,Female,-83.47203449,38.84555443,295.3997109826588
2007,OH,18.9,Female,-83.47203449,38.84555443,307.29393063583825
2008,OH,20.8,Female,-83.47203449,38.84555443,294.75115606936413
2009,OH,18.3,Female,-83.47203449,38.84555443,276.1702312138728
2010,OH,19.7,Female,-83.47203449,38.84555443,274.53699421965314
2011,OH,16.7,Female,-83.47203449,38.84555443,269.0820809248554
2012,OH,18.9,Female,-83.47203449,38.84555443,267.04508670520204
2013,OH,18.9,Female,-83.47203449,38.84555443,257.8653179190752
2014,OH,21.4,Female,-83.47203449,38.84555443,255.75057803468198
2015,OH,24.4,Female,-83.47203449,38.84555443,257.92312138728346
2016,OH,25.7,Female,-83.47203449,38.84555443,246.1173410404625
2017,OH,23.6,Female,-83.47203449,38.84555443,254.5794797687862
2018,OH,23.1,Female,-83.47203449,38.84555443,260.63872832369935
2019,OH,27.0,Female,-83.47203449,38.84555443,265.6225433526013
2000,OK,16.5,Female,-94.65863689,35.88406636,175.131654676259
2001,OK,16.4,Female,-94.65863689,35.88406636,189.83201438848928
2002,OK,23.6,Female,-94.65863689,35.88406636,221.0417266187051
2003,OK,26.2,Female,-94.65863689,35.88406636,257.8503597122303
2004,OK,26.4,Female,-94.65863689,35.88406636,237.20071942446054
2005,OK,27.8,Female,-94.65863689,35.88406636,261.85179856115104
2006,OK,25.4,Female,-94.65863689,35.88406636,240.02302158273383
2007,OK,31.0,Female,-94.65863689,35.88406636,258.25251798561163
2008,OK,38.3,Female,-94.65863689,35.88406636,270.4517985611509
2009,OK,36.1,Female,-94.65863689,35.88406636,274.95971223021576
2010,OK,36.2,Female,-94.65863689,35.88406636,289.5359712230216
2011,OK,44.5,Female,-94.65863689,35.88406636,308.09424460431654
2012,OK,49.6,Female,-94.65863689,35.88406636,320.4647482014388
2013,OK,54.1,Female,-94.65863689,35.88406636,348.87338129496425
2014,OK,60.7,Female,-94.65863689,35.88406636,368.7140287769785
2015,OK,73.8,Female,-94.65863689,35.88406636,397.35647482014394
2016,OK,70.1,Female,-94.65863689,35.88406636,423.45
2017,OK,77.2,Female,-94.65863689,35.88406636,466.83741007194226
2018,OK,80.0,Female,-94.65863689,35.88406636,473.2208633093522
2019,OK,93.5,Female,-94.65863689,35.88406636,499.02769784172654
2000,OR,11.8,Female,-117.67553323,44.7090833,186.06062992125985
2001,OR,12.6,Female,-117.67553323,44.7090833,199.51968503937007
2002,OR,12.3,Female,-117.67553323,44.7090833,221.4937007874016
2003,OR,11.4,Female,-117.67553323,44.7090833,229.65826771653545
2004,OR,10.6,Female,-117.67553323,44.7090833,222.64015748031505
2005,OR,10.5,Female,-117.67553323,44.7090833,225.05905511811014
2006,OR,11.2,Female,-117.67553323,44.7090833,225.35275590551188
2007,OR,11.5,Female,-117.67553323,44.7090833,212.87244094488187
2008,OR,10.5,Female,-117.67553323,44.7090833,214.91653543307078
2009,OR,12.0,Female,-117.67553323,44.7090833,214.48346456692914
2010,OR,11.6,Female,-117.67553323,44.7090833,210.4149606299212
2011,OR,9.9,Female,-117.67553323,44.7090833,214.18976377952762
2012,OR,9.6,Female,-117.67553323,44.7090833,207.3976377952756
2013,OR,9.5,Female,-117.67553323,44.7090833,214.15196850393707
2014,OR,10.0,Female,-117.67553323,44.7090833,210.1370078740156
2015,OR,12.3,Female,-117.67553323,44.7090833,211.66535433070857
2016,OR,12.2,Female,-117.67553323,44.7090833,223.27480314960627
2017,OR,13.6,Female,-117.67553323,44.7090833,237.6913385826773
2018,OR,13.7,Female,-117.67553323,44.7090833,236.81574803149618
2019,OR,14.7,Female,-117.67553323,44.7090833,250.09212598425196
2000,PA,11.9,Female,-77.21763853,39.87156955,197.19386973180085
2001,PA,11.9,Female,-77.21763853,39.87156955,197.06666666666666
2002,PA,11.8,Female,-77.21763853,39.87156955,201.73141762452104
2003,PA,11.1,Female,-77.21763853,39.87156955,203.3758620689656
2004,PA,11.0,Female,-77.21763853,39.87156955,198.33141762452112
2005,PA,11.4,Female,-77.21763853,39.87156955,201.5482758620689
2006,PA,11.6,Female,-77.21763853,39.87156955,190.69770114942526
2007,PA,11.6,Female,-77.21763853,39.87156955,187.8379310344826
2008,PA,11.4,Female,-77.21763853,39.87156955,190.97509578544054
2009,PA,10.7,Female,-77.21763853,39.87156955,187.2134099616856
2010,PA,10.9,Female,-77.21763853,39.87156955,182.82260536398468
2011,PA,12.6,Female,-77.21763853,39.87156955,179.6781609195402
2012,PA,12.9,Female,-77.21763853,39.87156955,179.18084291187753
2013,PA,12.8,Female,-77.21763853,39.87156955,182.1463601532568
2014,PA,12.8,Female,-77.21763853,39.87156955,176.2632183908047
2015,PA,14.4,Female,-77.21763853,39.87156955,181.2019157088123
2016,PA,15.8,Female,-77.21763853,39.87156955,178.08773946360157
2017,PA,16.0,Female,-77.21763853,39.87156955,183.90153256704977
2018,PA,16.6,Female,-77.21763853,39.87156955,193.93793103448274
2019,PA,16.9,Female,-77.21763853,39.87156955,193.18237547892716
2000,RI,42.7,Male,-71.28467884,41.71218483,220.1789473684211
2001,RI,42.9,Male,-71.28467884,41.71218483,220.7631578947368
2002,RI,39.7,Male,-71.28467884,41.71218483,234.49999999999994
2003,RI,33.4,Male,-71.28467884,41.71218483,228.62105263157895
2004,RI,38.9,Male,-71.28467884,41.71218483,234.49473684210528
2005,RI,44.3,Male,-71.28467884,41.71218483,235.53684210526316
2006,RI,37.6,Male,-71.28467884,41.71218483,212.72105263157897
2007,RI,43.1,Male,-71.28467884,41.71218483,224.54210526315785
2008,RI,40.8,Male,-71.28467884,41.71218483,206.24210526315792
2009,RI,43.2,Male,-71.28467884,41.71218483,201.20000000000002
2010,RI,39.2,Male,-71.28467884,41.71218483,187.32631578947368
2011,RI,43.4,Male,-71.28467884,41.71218483,199.43157894736842
2012,RI,46.8,Male,-71.28467884,41.71218483,212.84736842105264
2013,RI,48.6,Male,-71.28467884,41.71218483,227.68947368421055
2014,RI,49.6,Male,-71.28467884,41.71218483,224.44736842105263
2015,RI,41.6,Male,-71.28467884,41.71218483,231.4368421052631
2016,RI,42.0,Male,-71.28467884,41.71218483,216.5894736842105
2017,RI,42.6,Male,-71.28467884,41.71218483,224.0157894736842
2018,RI,45.6,Male,-71.28467884,41.71218483,244.19473684210524
2019,RI,43.8,Male,-71.28467884,41.71218483,229.97894736842102
2000,SC,39.5,Male,-82.45963344,34.22304301,290.9469945355191
2001,SC,36.4,Male,-82.45963344,34.22304301,284.8841530054646
2002,SC,38.1,Male,-82.45963344,34.22304301,281.4163934426228
2003,SC,47.0,Male,-82.45963344,34.22304301,293.6387978142074
2004,SC,43.2,Male,-82.45963344,34.22304301,284.248087431694
2005,SC,43.5,Male,-82.45963344,34.22304301,288.9043715846996
2006,SC,43.1,Male,-82.45963344,34.22304301,266.8513661202185
2007,SC,44.8,Male,-82.45963344,34.22304301,270.3803278688525
2008,SC,48.7,Male,-82.45963344,34.22304301,264.5732240437158
2009,SC,49.0,Male,-82.45963344,34.22304301,252.7016393442623
2010,SC,51.1,Male,-82.45963344,34.22304301,239.56830601092904
2011,SC,49.9,Male,-82.45963344,34.22304301,236.70655737704922
2012,SC,50.3,Male,-82.45963344,34.22304301,229.10874316939896
2013,SC,51.9,Male,-82.45963344,34.22304301,242.67978142076495
2014,SC,52.9,Male,-82.45963344,34.22304301,239.4338797814207
2015,SC,57.1,Male,-82.45963344,34.22304301,246.19999999999996
2016,SC,59.6,Male,-82.45963344,34.22304301,255.11803278688527
2017,SC,58.7,Male,-82.45963344,34.22304301,270.2546448087432
2018,SC,59.6,Male,-82.45963344,34.22304301,272.6612021857922
2019,SC,63.3,Male,-82.45963344,34.22304301,285.29617486338816
2000,SD,15.2,Male,-98.56169554,43.71801781,118.92159999999991
2001,SD,15.1,Male,-98.56169554,43.71801781,127.5096
2002,SD,16.1,Male,-98.56169554,43.71801781,127.10159999999999
2003,SD,17.6,Male,-98.56169554,43.71801781,138.12960000000004
2004,SD,19.0,Male,-98.56169554,43.71801781,151.5496
2005,SD,20.9,Male,-98.56169554,43.71801781,166.74240000000003
2006,SD,21.7,Male,-98.56169554,43.71801781,170.11279999999996
2007,SD,19.8,Male,-98.56169554,43.71801781,163.87840000000008
2008,SD,18.8,Male,-98.56169554,43.71801781,165.008
2009,SD,20.8,Male,-98.56169554,43.71801781,163.49679999999995
2010,SD,20.3,Male,-98.56169554,43.71801781,176.568
2011,SD,22.1,Male,-98.56169554,43.71801781,194.40239999999997
2012,SD,23.2,Male,-98.56169554,43.71801781,199.796
2013,SD,22.3,Male,-98.56169554,43.71801781,196.0976
2014,SD,25.5,Male,-98.56169554,43.71801781,210.19920000000016
2015,SD,30.7,Male,-98.56169554,43.71801781,216.9359999999999
2016,SD,33.5,Male,-98.56169554,43.71801781,214.9048
2017,SD,33.2,Male,-98.56169554,43.71801781,229.00080000000003
2018,SD,34.6,Male,-98.56169554,43.71801781,234.3896
2019,SD,36.3,Male,-98.56169554,43.71801781,250.32400000000004
2000,TN,20.5,Female,-84.19901924,36.11870687,238.5180555555557
2001,TN,22.1,Female,-84.19901924,36.11870687,255.2605555555557
2002,TN,20.0,Female,-84.19901924,36.11870687,262.38305555555536
2003,TN,23.4,Female,-84.19901924,36.11870687,275.86833333333345
2004,TN,24.0,Female,-84.19901924,36.11870687,278.59666666666647
2005,TN,25.9,Female,-84.19901924,36.11870687,280.864722222222
2006,TN,28.1,Female,-84.19901924,36.11870687,269.50111111111124
2007,TN,29.0,Female,-84.19901924,36.11870687,267.5047222222223
2008,TN,33.8,Female,-84.19901924,36.11870687,274.3799999999998
2009,TN,36.6,Female,-84.19901924,36.11870687,266.9327777777779
2010,TN,39.8,Female,-84.19901924,36.11870687,265.9169444444445
2011,TN,39.9,Female,-84.19901924,36.11870687,264.5761111111113
2012,TN,44.2,Female,-84.19901924,36.11870687,261.53805555555545
2013,TN,41.0,Female,-84.19901924,36.11870687,262.20305555555547
2014,TN,49.2,Female,-84.19901924,36.11870687,256.9763888888886
2015,TN,51.9,Female,-84.19901924,36.11870687,260.00666666666655
2016,TN,51.2,Female,-84.19901924,36.11870687,259.7950000000001
2017,TN,47.9,Female,-84.19901924,36.11870687,281.62555555555576
2018,TN,49.6,Female,-84.19901924,36.11870687,303.9569444444443
2019,TN,52.7,Female,-84.19901924,36.11870687,334.8019444444445
2000,TX,25.1,Female,-95.65250477,31.81345604,203.43139678615583
2001,TX,23.6,Female,-95.65250477,31.81345604,210.18306551297903
2002,TX,25.3,Female,-95.65250477,31.81345604,221.20630407911008
2003,TX,28.4,Female,-95.65250477,31.81345604,227.09901112484522
2004,TX,28.9,Female,-95.65250477,31.81345604,223.81644004944357
2005,TX,26.0,Female,-95.65250477,31.81345604,223.15859085290498
2006,TX,23.4,Female,-95.65250477,31.81345604,207.5042027194068
2007,TX,20.5,Female,-95.65250477,31.81345604,213.41013597033384
2008,TX,21.4,Female,-95.65250477,31.81345604,211.6651421508036
2009,TX,21.0,Female,-95.65250477,31.81345604,211.87132262051904
2010,TX,20.8,Female,-95.65250477,31.81345604,221.46625463535267
2011,TX,24.2,Female,-95.65250477,31.81345604,221.54004944375782
2012,TX,27.4,Female,-95.65250477,31.81345604,230.47700865265793
2013,TX,32.7,Female,-95.65250477,31.81345604,242.14993819530278
2014,TX,33.4,Female,-95.65250477,31.81345604,246.12076637824475
2015,TX,33.7,Female,-95.65250477,31.81345604,252.61161928306552
2016,TX,40.6,Female,-95.65250477,31.81345604,255.32373300370836
2017,TX,49.4,Female,-95.65250477,31.81345604,269.624845488257
2018,TX,46.2,Female,-95.65250477,31.81345604,263.5227441285539
2019,TX,49.7,Female,-95.65250477,31.81345604,288.93250927070505
2000,UT,12.2,Female,-113.23538944,38.3569994,132.0121951219512
2001,UT,12.0,Female,-113.23538944,38.3569994,129.99390243902437
2002,UT,12.3,Female,-113.23538944,38.3569994,136.0987804878049
2003,UT,9.8,Female,-113.23538944,38.3569994,129.14999999999998
2004,UT,10.2,Female,-113.23538944,38.3569994,124.13170731707318
2005,UT,10.0,Female,-113.23538944,38.3569994,127.54878048780488
2006,UT,10.4,Female,-113.23538944,38.3569994,127.90121951219511
2007,UT,11.3,Female,-113.23538944,38.3569994,126.05487804878047
2008,UT,10.9,Female,-113.23538944,38.3569994,118.1378048780488
2009,UT,12.3,Female,-113.23538944,38.3569994,112.29024390243909
2010,UT,12.2,Female,-113.23538944,38.3569994,117.0548780487805
2011,UT,12.0,Female,-113.23538944,38.3569994,126.01219512195118
2012,UT,11.8,Female,-113.23538944,38.3569994,122.7060975609756
2013,UT,12.4,Female,-113.23538944,38.3569994,125.24390243902444
2014,UT,12.1,Female,-113.23538944,38.3569994,118.93902439024389
2015,UT,12.9,Female,-113.23538944,38.3569994,128.58658536585364
2016,UT,12.9,Female,-113.23538944,38.3569994,131.81341463414634
2017,UT,15.1,Female,-113.23538944,38.3569994,140.25731707317073
2018,UT,14.4,Female,-113.23538944,38.3569994,145.84756097560975
2019,UT,15.9,Female,-113.23538944,38.3569994,158.6475609756097
2000,VA,41.5,Male,-75.63622543,37.76654016,217.5248888888889
2001,VA,46.8,Male,-75.63622543,37.76654016,215.50822222222226
2002,VA,50.4,Male,-75.63622543,37.76654016,225.3686666666666
2003,VA,48.2,Male,-75.63622543,37.76654016,225.56599999999986
2004,VA,51.3,Male,-75.63622543,37.76654016,220.5837777777776
2005,VA,55.3,Male,-75.63622543,37.76654016,220.26333333333332
2006,VA,67.7,Male,-75.63622543,37.76654016,206.54933333333332
2007,VA,68.1,Male,-75.63622543,37.76654016,200.82955555555546
2008,VA,64.2,Male,-75.63622543,37.76654016,200.80422222222202
2009,VA,69.0,Male,-75.63622543,37.76654016,195.75422222222227
2010,VA,62.3,Male,-75.63622543,37.76654016,194.77155555555558
2011,VA,47.6,Male,-75.63622543,37.76654016,182.76000000000002
2012,VA,53.2,Male,-75.63622543,37.76654016,183.11911111111115
2013,VA,59.9,Male,-75.63622543,37.76654016,178.10111111111112
2014,VA,66.0,Male,-75.63622543,37.76654016,181.17822222222225
2015,VA,70.8,Male,-75.63622543,37.76654016,185.60222222222208
2016,VA,89.4,Male,-75.63622543,37.76654016,187.1266666666666
2017,VA,94.8,Male,-75.63622543,37.76654016,188.95955555555554
2018,VA,78.3,Male,-75.63622543,37.76654016,194.95222222222228
2019,VA,79.2,Male,-75.63622543,37.76654016,203.67955555555565
2000,VT,11.9,Female,-73.14045947,44.03121029,223.63617021276596
2001,VT,13.1,Female,-73.14045947,44.03121029,224.84680851063828
2002,VT,13.9,Female,-73.14045947,44.03121029,251.77234042553187
2003,VT,13.6,Female,-73.14045947,44.03121029,268.7531914893617
2004,VT,15.0,Female,-73.14045947,44.03121029,293.03404255319157
2005,VT,15.4,Female,-73.14045947,44.03121029,273.50425531914885
2006,VT,15.3,Female,-73.14045947,44.03121029,271.7914893617021
2007,VT,16.4,Female,-73.14045947,44.03121029,313.5191489361703
2008,VT,14.9,Female,-73.14045947,44.03121029,313.0872340425532
2009,VT,15.5,Female,-73.14045947,44.03121029,297.1787234042553
2010,VT,16.3,Female,-73.14045947,44.03121029,306.0489361702128
2011,VT,15.1,Female,-73.14045947,44.03121029,302.268085106383
2012,VT,13.6,Female,-73.14045947,44.03121029,327.70851063829787
2013,VT,15.7,Female,-73.14045947,44.03121029,321.563829787234
2014,VT,18.5,Female,-73.14045947,44.03121029,355.11702127659566
2015,VT,15.2,Female,-73.14045947,44.03121029,347.1829787234042
2016,VT,14.0,Female,-73.14045947,44.03121029,343.03404255319157
2017,VT,15.7,Female,-73.14045947,44.03121029,349.9829787234042
2018,VT,16.0,Female,-73.14045947,44.03121029,370.59361702127654
2019,VT,15.6,Female,-73.14045947,44.03121029,376.6659574468086
2000,WA,14.5,Female,-118.56053631,46.98345425,199.52481751824808
2001,WA,16.0,Female,-118.56053631,46.98345425,207.85474452554743
2002,WA,15.4,Female,-118.56053631,46.98345425,218.3781021897811
2003,WA,16.8,Female,-118.56053631,46.98345425,229.08832116788312
2004,WA,20.7,Female,-118.56053631,46.98345425,238.61751824817532
2005,WA,21.2,Female,-118.56053631,46.98345425,242.84160583941613
2006,WA,21.0,Female,-118.56053631,46.98345425,240.65839416058387
2007,WA,22.3,Female,-118.56053631,46.98345425,246.9182481751825
2008,WA,25.4,Female,-118.56053631,46.98345425,247.66131386861312
2009,WA,25.3,Female,-118.56053631,46.98345425,233.47007299270078
2010,WA,24.1,Female,-118.56053631,46.98345425,232.61605839416055
2011,WA,24.3,Female,-118.56053631,46.98345425,232.73795620437951
2012,WA,22.0,Female,-118.56053631,46.98345425,226.0189781021898
2013,WA,22.2,Female,-118.56053631,46.98345425,230.74598540145982
2014,WA,21.6,Female,-118.56053631,46.98345425,222.91532846715336
2015,WA,20.8,Female,-118.56053631,46.98345425,219.10875912408756
2016,WA,19.9,Female,-118.56053631,46.98345425,222.92992700729934
2017,WA,22.1,Female,-118.56053631,46.98345425,234.0868613138686
2018,WA,21.1,Female,-118.56053631,46.98345425,240.44379562043798
2019,WA,21.2,Female,-118.56053631,46.98345425,238.72627737226279
2000,WI,11.3,Female,-89.77046432,43.96942085,176.45862068965525
2001,WI,11.2,Female,-89.77046432,43.96942085,177.93831417624523
2002,WI,10.7,Female,-89.77046432,43.96942085,186.51455938697322
2003,WI,11.9,Female,-89.77046432,43.96942085,190.5877394636013
2004,WI,11.1,Female,-89.77046432,43.96942085,187.3245210727969
2005,WI,12.8,Female,-89.77046432,43.96942085,193.26053639846725
2006,WI,12.4,Female,-89.77046432,43.96942085,180.13295019157087
2007,WI,14.2,Female,-89.77046432,43.96942085,173.53295019157088
2008,WI,16.1,Female,-89.77046432,43.96942085,182.42681992337165
2009,WI,18.8,Female,-89.77046432,43.96942085,170.78850574712644
2010,WI,20.5,Female,-89.77046432,43.96942085,177.64942528735637
2011,WI,26.5,Female,-89.77046432,43.96942085,187.85977011494228
2012,WI,26.7,Female,-89.77046432,43.96942085,185.8095785440613
2013,WI,30.1,Female,-89.77046432,43.96942085,196.24827586206897
2014,WI,36.0,Female,-89.77046432,43.96942085,215.35478927203064
2015,WI,39.0,Female,-89.77046432,43.96942085,221.68620689655168
2016,WI,43.2,Female,-89.77046432,43.96942085,227.63218390804604
2017,WI,44.3,Female,-89.77046432,43.96942085,250.08505747126424
2018,WI,39.1,Female,-89.77046432,43.96942085,246.06053639846758
2019,WI,37.6,Female,-89.77046432,43.96942085,262.90383141762453
2000,WV,25.6,Female,-80.003607,39.13281536,256.38829268292676
2001,WV,28.6,Female,-80.003607,39.13281536,260.16146341463406
2002,WV,27.9,Female,-80.003607,39.13281536,273.6102439024389
2003,WV,32.2,Female,-80.003607,39.13281536,274.27951219512187
2004,WV,35.3,Female,-80.003607,39.13281536,274.3707317073172
2005,WV,30.2,Female,-80.003607,39.13281536,275.2936585365853
2006,WV,27.4,Female,-80.003607,39.13281536,266.7585365853658
2007,WV,25.7,Female,-80.003607,39.13281536,266.199024390244
2008,WV,24.6,Female,-80.003607,39.13281536,259.12341463414634
2009,WV,25.2,Female,-80.003607,39.13281536,243.94634146341457
2010,WV,27.3,Female,-80.003607,39.13281536,244.59658536585385
2011,WV,26.0,Female,-80.003607,39.13281536,240.23121951219505
2012,WV,28.3,Female,-80.003607,39.13281536,241.74341463414623
2013,WV,29.0,Female,-80.003607,39.13281536,234.60390243902438
2014,WV,29.7,Female,-80.003607,39.13281536,232.91609756097554
2015,WV,31.1,Female,-80.003607,39.13281536,227.0536585365854
2016,WV,29.3,Female,-80.003607,39.13281536,230.3336585365854
2017,WV,29.2,Female,-80.003607,39.13281536,235.3668292682928
2018,WV,25.8,Female,-80.003607,39.13281536,231.89512195121958
2019,WV,26.2,Female,-80.003607,39.13281536,252.92195121951238
2000,WY,10.5,Female,-105.72403288,41.65475013,133.35714285714292
2001,WY,10.0,Female,-105.72403288,41.65475013,136.5792207792209
2002,WY,11.4,Female,-105.72403288,41.65475013,139.03766233766237
2003,WY,11.9,Female,-105.72403288,41.65475013,142.29999999999995
2004,WY,10.7,Female,-105.72403288,41.65475013,133.85064935064935
2005,WY,11.3,Female,-105.72403288,41.65475013,138.29610389610383
2006,WY,11.7,Female,-105.72403288,41.65475013,139.01038961038964
2007,WY,13.0,Female,-105.72403288,41.65475013,129.95324675324676
2008,WY,14.6,Female,-105.72403288,41.65475013,125.87012987012992
2009,WY,15.3,Female,-105.72403288,41.65475013,118.47662337662337
2010,WY,14.0,Female,-105.72403288,41.65475013,126.88051948051947
2011,WY,14.1,Female,-105.72403288,41.65475013,132.1857142857143
2012,WY,14.5,Female,-105.72403288,41.65475013,135.29740259740262
2013,WY,15.3,Female,-105.72403288,41.65475013,140.68051948051954
2014,WY,16.0,Female,-105.72403288,41.65475013,141.54415584415588
2015,WY,15.5,Female,-105.72403288,41.65475013,155.28181818181815
2016,WY,16.8,Female,-105.72403288,41.65475013,167.5415584415585
2017,WY,17.0,Female,-105.72403288,41.65475013,184.58051948051946
2018,WY,17.8,Female,-105.72403288,41.65475013,190.8207792207792
2019,WY,18.8,Female,-105.72403288,41.65475013,204.2896103896104
